,author,created_utc,full_link,id,num_comments,subreddit,subreddit_id,title,year
0,marshallp,1323200207.0,https://www.reddit.com/r/artificial/comments/n2ufo/sebastian_thrun_selfdriving_cars_can_save_lives/,n2ufo,2.0,artificial,t5_2qhfb,"Sebastian Thrun -  Self-Driving Cars Can Save Lives, and Parking Spaces - NYTimes.com",2011
0,the_ai_guy,1405725587.0,https://www.reddit.com/r/artificial/comments/2b38p2/how_will_self_driving_cars_deal_with_road/,2b38p2,22.0,artificial,t5_2qhfb,"How will self driving cars deal with road construction, random stuff on the road, roads covered in snow or mud, drop off ledges, blocked off roads, sudden bad drivers driving into your lane, etc.?",2014
0,keghn,1426810921.0,https://www.reddit.com/r/artificial/comments/2znaoi/tesla_model_s_will_get_selfdriving_feature_in_3/,2znaoi,0.0,artificial,t5_2qhfb,Tesla Model S will get self-driving feature in 3 months,2015
1,[deleted],1435666180.0,https://www.reddit.com/r/artificial/comments/3bmg4q/how_will_selfdriving_cars_deal_with_the_trolley/,3bmg4q,65.0,artificial,t5_2qhfb,"How will self-driving cars deal with the trolley problem, and who gets to decide the value of human lives? [x-post /r/insightfulquestions]",2015
2,devDoron,1436481893.0,https://www.reddit.com/r/artificial/comments/3cqccj/how_to_use_ai_practically/,3cqccj,4.0,artificial,t5_2qhfb,How to use AI practically?,2015
3,chad_brochill69,1440412964.0,https://www.reddit.com/r/artificial/comments/3i6r3e/how_would_you_define_a_critical_situation/,3i6r3e,2.0,artificial,t5_2qhfb,"How would you define a ""Critical Situation?""",2015
4,EdwardLeyton,1445158872.0,https://www.reddit.com/r/artificial/comments/3p7jyy/is_it_morally_correct_for_us_humans_to_research/,3p7jyy,40.0,artificial,t5_2qhfb,Is it morally correct for us humans to research and develop into Artificial Intelligence?,2015
5,keghn,1447454568.0,https://www.reddit.com/r/artificial/comments/3spvge/google_selfdriving_car_pulled_over_in_california/,3spvge,1.0,artificial,t5_2qhfb,Google self-driving car pulled over in California for being too slow,2015
6,[deleted],1450307274.0,https://www.reddit.com/r/artificial/comments/3x53ms/is_anyone_else_skeptical_of_the_selfdriving_car/,3x53ms,12.0,artificial,t5_2qhfb,Is anyone else skeptical of the self-driving car built in a month?,2015
7,Crisix22,1451593361.0,https://www.reddit.com/r/artificial/comments/3yy627/cuttingedge_research_papers/,3yy627,2.0,artificial,t5_2qhfb,Cutting-Edge Research Papers,2015
0,[deleted],1459099505.0,https://www.reddit.com/r/artificial/comments/4c6cim/inside_selfdriving_car/,4c6cim,1.0,artificial,t5_2qhfb,Inside self-driving car,2016
1,HonestRepairMan,1460267681.0,https://www.reddit.com/r/artificial/comments/4e4sz0/hello_there_working_on_an_ai_project_for_little/,4e4sz0,11.0,artificial,t5_2qhfb,"Hello there! Working on an AI project for little bit now, and I think I'm ready to share it!",2016
2,noeatnosleep,1462209933.0,https://www.reddit.com/r/artificial/comments/4hiq20/nvidia_goes_allin_on_selfdriving_cars_including_a/,4hiq20,0.0,artificial,t5_2qhfb,"Nvidia goes all-in on self-driving cars, including a robotic car racing league",2016
3,j0nnymac,1463680844.0,https://www.reddit.com/r/artificial/comments/4k3s2g/what_are_the_use_cases_for_ai_and_cars/,4k3s2g,1.0,artificial,t5_2qhfb,What are the use cases for ai and cars?,2016
4,florinandrei,1465888145.0,https://www.reddit.com/r/artificial/comments/4o08zg/i_believe_that_agi_artificial_general/,4o08zg,47.0,artificial,t5_2qhfb,"I believe that AGI (Artificial General Intelligence) will be skipped, and we'll see ASI (Artificial Superintelligence) emerging directly. Feel free to argue this point.",2016
5,UmamiSalami,1467396359.0,https://www.reddit.com/r/artificial/comments/4qt4o1/starting_a_new_subreddit_about_ai_ethics/,4qt4o1,32.0,artificial,t5_2qhfb,Starting a new subreddit about AI ethics,2016
6,sixwings,1468048942.0,https://www.reddit.com/r/artificial/comments/4rzbu4/machine_learning_is_making_selfdriving_cars/,4rzbu4,0.0,artificial,t5_2qhfb,"Machine learning is making self-driving cars smarter, but it can also make their workings more mysterious",2016
7,Portis403,1468594718.0,https://www.reddit.com/r/artificial/comments/4szho5/ai_converts_a_world_of_lasers_into_maps_for_self/,4szho5,1.0,artificial,t5_2qhfb,AI converts a world of lasers into maps for self driving cars,2016
8,Amolkhedkar,1468931290.0,https://www.reddit.com/r/artificial/comments/4tkvb4/artificial_intelligence_in_self_driving_cars_part/,4tkvb4,0.0,artificial,t5_2qhfb,Artificial Intelligence in Self Driving Cars ‚Äî Part 1,2016
9,badhri,1469111042.0,https://www.reddit.com/r/artificial/comments/4tx7mf/udacity_selfdriving_car_engineer_nanodegree/,4tx7mf,1.0,artificial,t5_2qhfb,Udacity Self-Driving Car Engineer Nanodegree - checkout r\machinelearning for thread with updates,2016
10,llSourcell,1470440097.0,https://www.reddit.com/r/artificial/comments/4wdbqy/build_a_self_driving_car_in_5_minutes/,4wdbqy,2.0,artificial,t5_2qhfb,Build a Self Driving Car in 5 Minutes,2016
11,Alexey75,1471850524.0,https://www.reddit.com/r/artificial/comments/4yze3c/welcome_to_ubers_selfdriving_future/,4yze3c,0.0,artificial,t5_2qhfb,Welcome to Uber's Self-Driving Future,2016
12,reworksophie,1472746433.0,https://www.reddit.com/r/artificial/comments/50nzk7/nvidia_partners_with_baidu_to_use_ai_to_create_a/,50nzk7,0.0,artificial,t5_2qhfb,NVIDIA partners with Baidu to use AI to create a ‚Äúcloud-to-car‚Äù mapping system for self-driving vehicles,2016
13,qpt_news1,1474006147.0,https://www.reddit.com/r/artificial/comments/530l76/uber_rolled_out_selfdriving_taxis_in_pittsburgh/,530l76,1.0,artificial,t5_2qhfb,Uber rolled out Self-Driving Taxis in Pittsburgh. Is this start of replacing 1.5 million drivers?,2016
14,jon85p,1475986327.0,https://www.reddit.com/r/artificial/comments/56kpiu/udacity_releases_223gb_of_training_data_for/,56kpiu,0.0,artificial,t5_2qhfb,Udacity releases 223GB of training data for self-driving systems.,2016
15,beeftug,1476282601.0,https://www.reddit.com/r/artificial/comments/574c9j/selfdriving_startup_optimus_ride_raises_525m_seed/,574c9j,2.0,artificial,t5_2qhfb,Self-driving startup Optimus Ride raises $5.25M seed round,2016
16,beeftug,1476970317.0,https://www.reddit.com/r/artificial/comments/58gu8v/all_tesla_cars_being_produced_now_have_full/,58gu8v,0.0,artificial,t5_2qhfb,All Tesla Cars Being Produced Now Have Full Self-Driving Hardware,2016
17,beeftug,1478533983.0,https://www.reddit.com/r/artificial/comments/5bmvn4/zoox_a_selfdriving_car_company_raised_a_round_of/,5bmvn4,2.0,artificial,t5_2qhfb,"Zoox, a self-driving car company, raised a round of funding at a $1.5B valuation",2016
18,DrVonNostren,1481736752.0,https://www.reddit.com/r/artificial/comments/5ibw80/you_can_hail_a_selfdriving_uber_in_san_francisco/,5ibw80,40.0,artificial,t5_2qhfb,You can hail a self-driving Uber in San Francisco starting today,2016
19,sixwings,1481829816.0,https://www.reddit.com/r/artificial/comments/5ijhn5/selfdriving_uber_apparently_runs_red_light_in_san/,5ijhn5,3.0,artificial,t5_2qhfb,Self-Driving Uber Apparently Runs Red Light In San Francisco,2016
20,vijay_1989,1483019900.0,https://www.reddit.com/r/artificial/comments/5kwwxa/10_ways_we_use_artificial_intelligence_in_our/,5kwwxa,1.0,artificial,t5_2qhfb,10 ways we use Artificial Intelligence in our Daily Life. How about you??,2016
0,Mussem17,1488657378.0,https://www.reddit.com/r/artificial/comments/5xisj6/deep_learning_and_selfdriving_cars_from_mit/,5xisj6,0.0,artificial,t5_2qhfb,Deep Learning and Self-Driving Cars from MIT: Lectures 01-05,2017
1,Portis403,1489070379.0,https://www.reddit.com/r/artificial/comments/5yfe84/chinese_company_didi_chuxing_opens_lab_in_the_us/,5yfe84,0.0,artificial,t5_2qhfb,Chinese company Didi Chuxing opens lab in the US for AI and self-driving car tech development,2017
2,Portis403,1490192699.0,https://www.reddit.com/r/artificial/comments/60uwox/deepscale_raises_funds_to_develop_ai_technology/,60uwox,0.0,artificial,t5_2qhfb,DeepScale raises funds to develop AI technology to keep self-driving cars safe,2017
3,beeftug,1490631597.0,https://www.reddit.com/r/artificial/comments/61t4vu/we_havent_talked_enough_about_selfdriving/,61t4vu,0.0,artificial,t5_2qhfb,We haven‚Äôt talked enough about self-driving cybersecurity.,2017
4,audible_ethics,1491257777.0,https://www.reddit.com/r/artificial/comments/63a3bt/prof_sinnottarmstrong_on_ai_ethics_selfdriving/,63a3bt,0.0,artificial,t5_2qhfb,"Prof. Sinnott-Armstrong on A.I. ethics: self-driving cars, autonomous weapons, control problem",2017
5,donosborn,1491793214.0,https://www.reddit.com/r/artificial/comments/64h61n/ai_the_selfdriving_resume_3_how_ai_might_work_for/,64h61n,0.0,artificial,t5_2qhfb,AI &amp; the self-driving resume: 3. How AI might work for job seekers &amp; recruiters,2017
6,ptr-ptr,1492635332.0,https://www.reddit.com/r/artificial/comments/66d1z7/baidu_will_release_a_free_operating_system_for/,66d1z7,6.0,artificial,t5_2qhfb,Baidu will release a free operating system for self-driving cars,2017
7,Brainy_Beard,1493068504.0,https://www.reddit.com/r/artificial/comments/67c0zf/interview_with_the_creator_of_the_game_that_pits/,67c0zf,0.0,artificial,t5_2qhfb,Interview with the creator of the game that pits thousands of AI agents against each other and more!,2017
8,pmz,1493143966.0,https://www.reddit.com/r/artificial/comments/67iczy/selfdriving_car_engineer_diary/,67iczy,0.0,artificial,t5_2qhfb,Self-Driving Car Engineer Diary,2017
9,arthur_linov,1499097815.0,https://www.reddit.com/r/artificial/comments/6l0ruq/3_steps_to_become_a_selfdriving_car_engineer/,6l0ruq,0.0,artificial,t5_2qhfb,3 Steps to become a self-driving car engineer,2017
10,[deleted],1499601453.0,https://www.reddit.com/r/artificial/comments/6m72n2/nvidias_hand_on_selfdriving_car_drive_like_a_human/,6m72n2,5.0,artificial,t5_2qhfb,NVIDIA's Hand On Self-driving Car - Drive Like a Human,2017
11,newsinbit,1499610848.0,https://www.reddit.com/r/artificial/comments/6m7qgz/nvidias_hand_on_selfdriving_car_drive_like_a_human/,6m7qgz,0.0,artificial,t5_2qhfb,NVIDIA's Hand On Self-driving Car - Drive Like a Human,2017
12,molode,1499865595.0,https://www.reddit.com/r/artificial/comments/6mtvep/the_chinese_plan_to_overtake_all_selfdriving_cars/,6mtvep,0.0,artificial,t5_2qhfb,The Chinese plan to overtake all self-driving cars,2017
13,NothingSuspicio_us,1500558052.0,https://www.reddit.com/r/artificial/comments/6ogah2/self_driving_cars/,6ogah2,0.0,artificial,t5_2qhfb,Self Driving Cars,2017
14,magneticono,1500907852.0,https://www.reddit.com/r/artificial/comments/6p8up6/this_image_is_why_selfdriving_cars_need_many/,6p8up6,0.0,artificial,t5_2qhfb,This image is why self-driving cars need many types of sensors,2017
15,figshooting,1501003499.0,https://www.reddit.com/r/artificial/comments/6phogk/when_we_have_self_driving_cars_can_someone_give/,6phogk,5.0,artificial,t5_2qhfb,"When we have self driving cars, can someone give me a situation where a driver would be able to take control of the car in an emergency and do better than the car?",2017
16,friscotime,1501082451.0,https://www.reddit.com/r/artificial/comments/6poqld/bikes_may_have_to_talk_to_selfdriving_cars_for/,6poqld,0.0,artificial,t5_2qhfb,Bikes May Have To Talk To Self-Driving Cars For Safety's Sake,2017
17,sasksean,1501704734.0,https://www.reddit.com/r/artificial/comments/6r6ymh/piracy_and_neural_networks/,6r6ymh,2.0,artificial,t5_2qhfb,Piracy and Neural Networks.,2017
18,friscotime,1501870944.0,https://www.reddit.com/r/artificial/comments/6rmf0x/cheap_lidar_sensors_are_going_to_keep_selfdriving/,6rmf0x,0.0,artificial,t5_2qhfb,Cheap lidar sensors are going to keep self-driving cars in the slow lane,2017
19,c-paine,1501880729.0,https://www.reddit.com/r/artificial/comments/6rni0w/toyota_takes_stake_in_mazda_invests_more_in/,6rni0w,1.0,artificial,t5_2qhfb,"Toyota takes stake in Mazda, invests more in self-driving and AI",2017
20,jackblun,1502196985.0,https://www.reddit.com/r/artificial/comments/6sdahs/featured_video_a_selfdriving_wheelchair/,6sdahs,0.0,artificial,t5_2qhfb,Featured video: A self-driving wheelchair,2017
21,TSbags,1502286177.0,https://www.reddit.com/r/artificial/comments/6sljou/selfdriving_cars_or_predictive_policing_what/,6sljou,0.0,artificial,t5_2qhfb,Self-driving cars or predictive policing: what scares you most about AI?,2017
22,unosky,1502820743.0,https://www.reddit.com/r/artificial/comments/6tvz98/self_flying_air_planes/,6tvz98,3.0,artificial,t5_2qhfb,Self flying air planes,2017
23,crashtested97,1502857265.0,https://www.reddit.com/r/artificial/comments/6tzok2/excellent_ai_youtube_channel_terminated_any_good/,6tzok2,9.0,artificial,t5_2qhfb,"Excellent AI youtube channel terminated, any good alternatives?",2017
24,duckafick,1503305163.0,https://www.reddit.com/r/artificial/comments/6v1o80/documentaries_on_artificial_intelligence/,6v1o80,1.0,artificial,t5_2qhfb,Documentaries on Artificial Intelligence,2017
25,molode,1503488395.0,https://www.reddit.com/r/artificial/comments/6vidvs/hackers_are_the_real_obstacle_for_selfdriving/,6vidvs,0.0,artificial,t5_2qhfb,Hackers are the real obstacle for self-driving vehicles,2017
26,philipkd,1504306403.0,https://www.reddit.com/r/artificial/comments/6xi4hc/all_the_handwringing_about_selfdriving_cars_and/,6xi4hc,3.0,artificial,t5_2qhfb,All the hand-wringing about self-driving cars and the Trolley problem is another example of AI panic,2017
27,lalypopa123,1504618226.0,https://www.reddit.com/r/artificial/comments/6y7z5j/ford_teams_with_dominos_on_selfdriving_pizza/,6y7z5j,0.0,artificial,t5_2qhfb,Ford Teams With Domino's on Self-Driving Pizza Delivery Test,2017
28,harryelm,1505168204.0,https://www.reddit.com/r/artificial/comments/6zir0i/the_benefits_of_selfdriving_cars/,6zir0i,9.0,artificial,t5_2qhfb,The Benefits of Self-Driving Cars,2017
29,molode,1505998676.0,https://www.reddit.com/r/artificial/comments/71ixmh/boston_may_be_famous_for_bad_drivers_but_it√¢s_the/,71ixmh,0.0,artificial,t5_2qhfb,"Boston may be famous for bad drivers, but it√¢¬Ä¬ôs the testing ground for a smarter self-driving car",2017
30,Gadget_Ry,1507647310.0,https://www.reddit.com/r/artificial/comments/75hk2e/nvidia_unveils_pegasus_aipowered_supercomputer/,75hk2e,0.0,artificial,t5_2qhfb,NVIDIA unveils Pegasus AI-powered supercomputer for self-driving robotaxis,2017
31,karthikaag,1507702101.0,https://www.reddit.com/r/artificial/comments/75n6fr/artificial_intelligence_lets_selfdriving_cars_see/,75n6fr,1.0,artificial,t5_2qhfb,Artificial Intelligence Lets Self-Driving Cars 'See Around Corners',2017
32,dantehorrorshow,1507715042.0,https://www.reddit.com/r/artificial/comments/75o056/how_to_train_your_selfdriving_car_to_steer/,75o056,0.0,artificial,t5_2qhfb,How to Train your Self-Driving Car to Steer,2017
33,gretayld,1508605498.0,https://www.reddit.com/r/artificial/comments/77ukry/using_convolutional_lstms_for_video_prediction/,77ukry,0.0,artificial,t5_2qhfb,Using Convolutional LSTMs for video prediction. Applications to self-driving cars and medical image processing,2017
34,aaron3k,1508856575.0,https://www.reddit.com/r/artificial/comments/78g7uz/travelmate_the_selfdriving_suitcases/,78g7uz,0.0,artificial,t5_2qhfb,Travelmate The Self-Driving Suitcases,2017
35,[deleted],1509127151.0,https://www.reddit.com/r/artificial/comments/794vxv/like_selfdriving_cars_healthcare_must_solve_its/,794vxv,0.0,artificial,t5_2qhfb,"Like self-driving cars, healthcare must solve its machine learning problem. A new debugger tool called DeepXplore might be one piece to the puzzle. It pushed some networks up to 99% accuracy.",2017
36,molode,1509365042.0,https://www.reddit.com/r/artificial/comments/79n8zl/in_new_york_selfdriving_cars_get_ready_to_battle/,79n8zl,1.0,artificial,t5_2qhfb,"In New York, Self-Driving Cars Get Ready to Battle the Bullies",2017
37,Anonimotipy,1509736981.0,https://www.reddit.com/r/artificial/comments/7aloou/how_much_did_ai_development_cost_in_the_early/,7aloou,6.0,artificial,t5_2qhfb,How much did A.I. development cost in the early 2000s as opposed to today?,2017
38,CrimsonStudioz,1509744495.0,https://www.reddit.com/r/artificial/comments/7amh94/how_will_self_driving_cars_effect_society_as_we/,7amh94,2.0,artificial,t5_2qhfb,How Will Self Driving Cars Effect Society as We Know it?,2017
39,A_solo_tripper,1510291946.0,https://www.reddit.com/r/artificial/comments/7bz6gb/are_there_any_ai_products_that_are_currently/,7bz6gb,13.0,artificial,t5_2qhfb,"Are there any AI products that are CURRENTLY changing or disrupting a common industry outside of ""banking"".",2017
40,rsandhu91,1510595459.0,https://www.reddit.com/r/artificial/comments/7cottc/self_driving_phones/,7cottc,0.0,artificial,t5_2qhfb,Self Driving Phones,2017
41,Traner,1511725392.0,https://www.reddit.com/r/artificial/comments/7fp7ng/what_are_the_dangers_of_ethical_selfdriving_cars/,7fp7ng,1.0,artificial,t5_2qhfb,What are the dangers of ethical self-driving cars?,2017
42,chlordane2501,1511878847.0,https://www.reddit.com/r/artificial/comments/7g4g9w/waymos_selfdriving_cars_rack_up_4_million_miles/,7g4g9w,0.0,artificial,t5_2qhfb,Waymo‚Äôs self-driving cars rack up 4 million miles on public roads,2017
43,shaunlgs,1512941333.0,https://www.reddit.com/r/artificial/comments/7iwwnr/elon_musk_says_agi_will_arrive_in_about_seven_or/,7iwwnr,62.0,artificial,t5_2qhfb,"Elon Musk says AGI will arrive in about seven or eight years, will be an issue before self driving unemployment",2017
44,happyremoteworker,1513010010.0,https://www.reddit.com/r/artificial/comments/7j3asm/apple_just_gave_a_private_demo_of_its_latest/,7j3asm,2.0,artificial,t5_2qhfb,Apple Just Gave a Private Demo of Its Latest Self-Driving Tech [MIT Tech Review],2017
45,jackblun,1513601242.0,https://www.reddit.com/r/artificial/comments/7kkzze/biomimicry_and_robomimicry_for_ai_selfdriving/,7kkzze,1.0,artificial,t5_2qhfb,Biomimicry and Robomimicry for AI Self-Driving Cars: Machine Learning from Nature,2017
46,taulover,1513645981.0,https://www.reddit.com/r/artificial/comments/7kprti/mariflow_selfdriving_mario_kart_w_recurrent/,7kprti,8.0,artificial,t5_2qhfb,MariFlow - Self-Driving Mario Kart w/ Recurrent Neural Network,2017
47,molode,1514205249.0,https://www.reddit.com/r/artificial/comments/7m1624/deep_compression_and_pruning_for_machine_learning/,7m1624,0.0,artificial,t5_2qhfb,Deep Compression and Pruning for Machine Learning in AI Self-Driving Cars: Using Convolutional Neural Networks (CNN) - AI Trends,2017
0,craigjclemson,1520362230.0,https://www.reddit.com/r/artificial/comments/82hi8k/ubers_selfdriving_trucks_have_been_hired_to/,82hi8k,4.0,artificial,t5_2qhfb,Uber‚Äôs self-driving trucks have been hired to deliver freight in Arizona,2018
1,johnwayne2413,1520482305.0,https://www.reddit.com/r/artificial/comments/82uqg8/utah_soon_could_be_first_state_to_fully_legalize/,82uqg8,6.0,artificial,t5_2qhfb,Utah soon could be first state to fully legalize self-driving cars on its roads,2018
2,trumtra,1520854347.0,https://www.reddit.com/r/artificial/comments/83ua4m/road_rage_and_ai_selfdriving_cars/,83ua4m,0.0,artificial,t5_2qhfb,Road Rage and AI Self-Driving Cars,2018
3,polllyyy,1521543911.0,https://www.reddit.com/r/artificial/comments/85rufp/frankenstein_and_ai_selfdriving_cars/,85rufp,0.0,artificial,t5_2qhfb,Frankenstein and AI Self-Driving Cars,2018
4,hakugei2,1521684627.0,https://www.reddit.com/r/artificial/comments/8682eu/dashcam_video_of_deadly_selfdriving_uber_crash/,8682eu,3.0,artificial,t5_2qhfb,Dashcam video of deadly self-driving Uber crash released,2018
5,trumtra,1522237560.0,https://www.reddit.com/r/artificial/comments/87r8aa/nvidia_to_suspend_selfdriving_tests_globally/,87r8aa,0.0,artificial,t5_2qhfb,Nvidia to Suspend Self-driving Tests Globally,2018
6,friscotime,1522330085.0,https://www.reddit.com/r/artificial/comments/8818yo/pid_controllerudacitys_selfdriving_car_nanodegree/,8818yo,0.0,artificial,t5_2qhfb,PID Controller-Udacity‚Äôs Self-driving Car Nanodegree,2018
7,Zoiros,1522673009.0,https://www.reddit.com/r/artificial/comments/88z0jp/selfdriving_rc_cars_built_on_tensorflow_xpost/,88z0jp,1.0,artificial,t5_2qhfb,Self-Driving R/C Cars Built on TensorFlow [x-post from /r/aivideos/],2018
8,castlecorbenic888,1522935000.0,https://www.reddit.com/r/artificial/comments/89zp3e/will_artificial_intelligence_make_humanity/,89zp3e,3.0,artificial,t5_2qhfb,Will artificial intelligence make humanity irrelevant as a species?,2018
9,Zoiros,1523117973.0,https://www.reddit.com/r/artificial/comments/8aj424/the_worlds_first_selfdriving_truck_in_an/,8aj424,1.0,artificial,t5_2qhfb,The world's first self-driving truck in an underground mine - Volvo Trucks [x-post from /r/aivideos],2018
10,digitalson,1523371505.0,https://www.reddit.com/r/artificial/comments/8b82bv/common_sense_reasoning_and_ai_selfdriving_cars/,8b82bv,0.0,artificial,t5_2qhfb,Common Sense Reasoning and AI Self-Driving Cars,2018
11,magneticono,1523536279.0,https://www.reddit.com/r/artificial/comments/8bprrb/tesla_full_selfdriving_images_leaked/,8bprrb,0.0,artificial,t5_2qhfb,Tesla Full Self-Driving Images Leaked,2018
12,trcytony,1523551126.0,https://www.reddit.com/r/artificial/comments/8brks1/china_oks_selfdriving_tests_on_public_roads/,8brks1,7.0,artificial,t5_2qhfb,China OKs Self-driving Tests on Public Roads,2018
13,polllyyy,1524138437.0,https://www.reddit.com/r/artificial/comments/8de12b/kits_and_ai_selfdriving_cars/,8de12b,0.0,artificial,t5_2qhfb,Kits and AI Self-Driving Cars,2018
14,Zoiros,1524398548.0,https://www.reddit.com/r/artificial/comments/8e2tqz/mariflow_selfdriving_mario_kart_wrecurrent_neural/,8e2tqz,11.0,artificial,t5_2qhfb,MariFlow - Self-Driving Mario Kart w/Recurrent Neural Network [x-post from /r/aivideos],2018
15,polllyyy,1525680399.0,https://www.reddit.com/r/artificial/comments/8hlvuc/selfdriving_cars_for_country_roads/,8hlvuc,2.0,artificial,t5_2qhfb,Self-driving cars for country roads,2018
16,gwen0927,1525717014.0,https://www.reddit.com/r/artificial/comments/8hpneh/driveai_will_launch_a_selfdriving_car_service_for/,8hpneh,0.0,artificial,t5_2qhfb,Drive.ai will launch a self-driving car service for public use in Texas starting in July,2018
17,featEng,1525793235.0,https://www.reddit.com/r/artificial/comments/8hxk49/russian_selfdriving_cars/,8hxk49,1.0,artificial,t5_2qhfb,Russian Self-Driving cars,2018
18,craigjclemson,1525810702.0,https://www.reddit.com/r/artificial/comments/8hzxpo/driveai_will_offer_a_selfdriving_car_service_for/,8hzxpo,0.0,artificial,t5_2qhfb,"Drive.ai will offer a self-driving car service for public use in Frisco, Texas starting in July. [Medium]",2018
19,mr_j_b,1526294924.0,https://www.reddit.com/r/artificial/comments/8jbaog/ai_expert_warns_of_selfdriving_car_dangers/,8jbaog,1.0,artificial,t5_2qhfb,AI expert warns of self-driving car dangers - 'keeping them under control while in the wild not possible',2018
20,alexdada555,1526460141.0,https://www.reddit.com/r/artificial/comments/8jtdd1/autonomous_selfdriving_rover_project/,8jtdd1,1.0,artificial,t5_2qhfb,Autonomous Self-Driving Rover Project,2018
21,alexdada555,1526612449.0,https://www.reddit.com/r/artificial/comments/8ka0td/autonomous_selfdriving_rover_project_systems/,8ka0td,0.0,artificial,t5_2qhfb,Autonomous Self-Driving Rover Project : Systems Modelling With MATLAB,2018
22,Portis403,1527079726.0,https://www.reddit.com/r/artificial/comments/8lj2xr/mit_presents_new_lanechange_algorithm_for/,8lj2xr,0.0,artificial,t5_2qhfb,MIT presents new lane-change algorithm for self-driving cars,2018
23,dearpetra,1527768273.0,https://www.reddit.com/r/artificial/comments/8nhv0r/titfortat_and_ai_selfdriving_cars/,8nhv0r,0.0,artificial,t5_2qhfb,Tit-for-Tat and AI Self-Driving Cars,2018
24,PrettyMuchJudgeFudge,1529687223.0,https://www.reddit.com/r/artificial/comments/8t2zhl/request_legal_issues_related_to_ai/,8t2zhl,3.0,artificial,t5_2qhfb,[Request] Legal issues related to AI,2018
25,ghostderp,1530168905.0,https://www.reddit.com/r/artificial/comments/8ugzmx/edmonton_launches_selfdriving_lawn_mower_pilot/,8ugzmx,0.0,artificial,t5_2qhfb,Edmonton launches self-driving lawn mower pilot | CBC News,2018
26,__billy,1531089611.0,https://www.reddit.com/r/artificial/comments/8x5gqs/looking_for_papers_on_selfdriving_car_decision/,8x5gqs,0.0,artificial,t5_2qhfb,Looking for papers on self-driving car decision making,2018
27,polllyyy,1532348157.0,https://www.reddit.com/r/artificial/comments/916jn4/tesla_the_amazon_and_apple_of_the_self_driving/,916jn4,1.0,artificial,t5_2qhfb,Tesla ‚Äî The Amazon and Apple of the Self Driving Future,2018
28,bridgetbob31,1533045798.0,https://www.reddit.com/r/artificial/comments/93eqlr/uber_resumes_theyre_selfdriving_car_tests/,93eqlr,2.0,artificial,t5_2qhfb,Uber resumes they're self-driving car tests,2018
29,hokeypokey33,1533141318.0,https://www.reddit.com/r/artificial/comments/93qjv5/linking_homes_and_public_transport/,93qjv5,0.0,artificial,t5_2qhfb,Linking homes and public transport,2018
30,PacktStaff,1533217814.0,https://www.reddit.com/r/artificial/comments/93zfig/tesla_is_building_its_own_ai_hardware_for/,93zfig,0.0,artificial,t5_2qhfb,Tesla is building its own AI hardware for self-driving cars,2018
31,regalalgorithm,1534100562.0,https://www.reddit.com/r/artificial/comments/96rewx/why_we_find_selfdriving_cars_so_scary/,96rewx,1.0,artificial,t5_2qhfb,Why We Find Self-Driving Cars So Scary,2018
32,eyeonai,1534123109.0,https://www.reddit.com/r/artificial/comments/96u4ds/artificial_intelligence_finance_news/,96u4ds,7.0,artificial,t5_2qhfb,Artificial Intelligence Finance News,2018
33,dallas1995,1534741450.0,https://www.reddit.com/r/artificial/comments/98qsp8/are_autonomous_vehicles_losing_their_ground_ubers/,98qsp8,4.0,artificial,t5_2qhfb,Are Autonomous Vehicles losing their ground? Uber‚Äôs Vision of Self-Driving Cars Begins to Blur,2018
34,Kafkaesquefranzkafka,1535210489.0,https://www.reddit.com/r/artificial/comments/9a7j10/what_exactly_happened_with_the_selfdriving_car/,9a7j10,0.0,artificial,t5_2qhfb,What Exactly Happened With The Self-Driving Car DEATH?,2018
35,damibriciskuro,1535277838.0,https://www.reddit.com/r/artificial/comments/9aeius/this_is_exactly_what_i_was_looking_for_as_the/,9aeius,7.0,artificial,t5_2qhfb,"This is exactly what I was looking for, as the instructors not only give a thorough explanation of deep Q-Learning, their model of the Self-Driving car and how they enjoyed it as it learned had me laughing, and the part of the level of the AI playing Doom was fantastic.",2018
36,Cyberme4u,1536890436.0,https://www.reddit.com/r/artificial/comments/9fo2v6/bmw_unveils_a_new_smart_motorcycle_that_can_drive/,9fo2v6,6.0,artificial,t5_2qhfb,BMW unveils a new smart motorcycle that can drive itself,2018
37,kellseeky56,1537464821.0,https://www.reddit.com/r/artificial/comments/9hh8ly/worlds_first_self_driving_taxi_trials_taking/,9hh8ly,0.0,artificial,t5_2qhfb,World's First Self Driving Taxi Trials Taking Place in Tokyo,2018
38,prashant077,1537895942.0,https://www.reddit.com/r/artificial/comments/9iu3te/what_is_artificial_intelligence_and_is_it_safe/,9iu3te,8.0,artificial,t5_2qhfb,"What is artificial intelligence and, is it safe for mankind?",2018
39,jonfla,1541621049.0,https://www.reddit.com/r/artificial/comments/9v2tqb/why_big_tech_pays_poor_kenyans_to_program/,9v2tqb,1.0,artificial,t5_2qhfb,Why Big Tech pays poor Kenyans to program self-driving cars,2018
40,chainontheblock,1541715928.0,https://www.reddit.com/r/artificial/comments/9ven4j/this_is_what_ai_looks_like_according_to_ai_to/,9ven4j,11.0,artificial,t5_2qhfb,"This is what A.I. looks like, according to A.I. To enable AI to create the picture, the IBM Research team first had the system do things like ingest 3,000 Times articles on AI, to learn the most important concepts around AI, like ""robot, self-driving, and computing"".",2018
41,GiacomoTesio,1541780321.0,https://www.reddit.com/r/artificial/comments/9vls0i/awful_ai_nothing_about_robotics_and_self_driving/,9vls0i,2.0,artificial,t5_2qhfb,Awful AI: Nothing about Robotics and Self Driving Car?,2018
42,Xoubuo,1541801047.0,https://www.reddit.com/r/artificial/comments/9vorvi/waymos_selfdriving_car_plan_for_california_shows/,9vorvi,0.0,artificial,t5_2qhfb,Waymo's Self-Driving Car Plan for California Shows Major Gaps in Oversight,2018
43,DevTechRetopall,1541861306.0,https://www.reddit.com/r/artificial/comments/9vutu6/self_driving_3d_simulation_neural_networks/,9vutu6,0.0,artificial,t5_2qhfb,Self Driving 3D Simulation Neural Networks Genetic Algorithm Deep Learning,2018
44,DevTechRetopall,1541925572.0,https://www.reddit.com/r/artificial/comments/9w2bjy/self_driving_car_simulation_woth_neural_networks/,9w2bjy,12.0,artificial,t5_2qhfb,Self driving car simulation woth Neural Networks and Genetic algorithms,2018
45,DevTechRetopall,1542127221.0,https://www.reddit.com/r/artificial/comments/9wqmrh/selfdriving_car_3d_simulation_ai_final_version/,9wqmrh,0.0,artificial,t5_2qhfb,Self-Driving Car 3D Simulation AI - FINAL VERSION 2019,2018
46,DevTechRetopall,1542383894.0,https://www.reddit.com/r/artificial/comments/9xndyb/creating_a_selfdriving_simulator_in_unity_2019/,9xndyb,0.0,artificial,t5_2qhfb,Creating a self-driving simulator in Unity 2019 Neural Networks and Gene...,2018
47,DevTechRetopall,1542909048.0,https://www.reddit.com/r/artificial/comments/9zg8o0/creating_a_selfdriving_car_simulator_2019/,9zg8o0,0.0,artificial,t5_2qhfb,Creating a self-driving car simulator 2019 Programming the NEURAL NETWOR...,2018
48,chainontheblock,1543441685.0,https://www.reddit.com/r/artificial/comments/a1arbk/amazon_wants_you_to_code_the_ai_brain_for_this/,a1arbk,1.0,artificial,t5_2qhfb,Amazon Wants You to Code the AI Brain for This Little Car,2018
49,DevTechRetopall,1543686192.0,https://www.reddit.com/r/artificial/comments/a2519k/creating_a_selfdriving_car_simulator_2019_dynamic/,a2519k,1.0,artificial,t5_2qhfb,Creating a self-driving car simulator 2019 Dynamic of the simulator Tuto...,2018
50,James_Representi,1544729102.0,https://www.reddit.com/r/artificial/comments/a5wp3p/does_anyone_want_real_ai/,a5wp3p,38.0,artificial,t5_2qhfb,Does anyone want real AI?,2018
51,salilsethi,1545320143.0,https://www.reddit.com/r/artificial/comments/a7z1nk/uber_reboots_its_selfdriving_car_program/,a7z1nk,1.0,artificial,t5_2qhfb,Uber reboots its self-driving car program,2018
52,salilsethi,1546014748.0,https://www.reddit.com/r/artificial/comments/aabs1s/from_google_dropping_pentagons_ai_contract_to/,aabs1s,19.0,artificial,t5_2qhfb,"From Google dropping Pentagon's AI contract to Uber self-driving car killing a pedestrian, view 10 major AI stories of 2018.",2018
0,dijete_u_vremenu,1552026992.0,https://www.reddit.com/r/artificial/comments/ayn5ie/is_self_driving_car_ai_racist_need_that_cancer/,ayn5ie,2.0,artificial,t5_2qhfb,"Is self driving car AI racist? (need that cancer smiley face with tears, from facebook for this)",2019
1,JWGAMES,1552415502.0,https://www.reddit.com/r/artificial/comments/b0b8iv/decision_matrix_algorithms_for_self_driving_cars/,b0b8iv,3.0,artificial,t5_2qhfb,Decision Matrix Algorithms for Self Driving Cars,2019
2,GrundleMoof,1552687560.0,https://www.reddit.com/r/artificial/comments/b1kvkd/what_recent_ai_papers_are_most_exciting_to_you_in/,b1kvkd,20.0,artificial,t5_2qhfb,What recent AI papers are most exciting to you in terms of leading the way to AGI?,2019
3,DevTechRetopall,1553194644.0,https://www.reddit.com/r/artificial/comments/b3ugj1/self_driving_cars_3d_simulation/,b3ugj1,2.0,artificial,t5_2qhfb,Self Driving Cars 3D Simulation,2019
4,victor_knight,1553260609.0,https://www.reddit.com/r/artificial/comments/b44ylb/steve_wozniak_doesnt_believe_in_selfdriving_cars/,b44ylb,4.0,artificial,t5_2qhfb,Steve Wozniak Doesn't Believe in Self-Driving Cars,2019
5,navin49,1553760328.0,https://www.reddit.com/r/artificial/comments/b6g2jg/n_three_godfathers_of_ai_honored_with_turing/,b6g2jg,0.0,artificial,t5_2qhfb,"[N] Three GodFathers Of AI Honored With Turing Award, The Nobel Prize Of Computing",2019
6,CoffeeMeetsBeach,1554175245.0,https://www.reddit.com/r/artificial/comments/b8ds03/new_york_city_getting_self_driving_shuttles/,b8ds03,1.0,artificial,t5_2qhfb,New York City Getting Self Driving Shuttles,2019
7,Yuqing7,1554750366.0,https://www.reddit.com/r/artificial/comments/baxqez/roadstarai_the_rise_and_fall_of_a_selfdriving/,baxqez,2.0,artificial,t5_2qhfb,Roadstar.ai: The Rise and Fall of a Self-Driving Startup,2019
8,CoffeeMeetsBeach,1554758005.0,https://www.reddit.com/r/artificial/comments/baz8vx/finland_self_driving_bus_can_handle_all_weather/,baz8vx,0.0,artificial,t5_2qhfb,Finland Self Driving Bus Can Handle All Weather Conditions,2019
9,dannylenwinn,1555975259.0,https://www.reddit.com/r/artificial/comments/bg8xmi/teslas_autonomy_day_kicks_off_live_updates_on/,bg8xmi,0.0,artificial,t5_2qhfb,Tesla's autonomy day kicks off: live updates on self-driving software,2019
10,Diana-RS,1556890155.0,https://www.reddit.com/r/artificial/comments/bk8i6d/toyota_to_invest_100_million_in_selfdriving_and/,bk8i6d,1.0,artificial,t5_2qhfb,Toyota to invest $100 million in self-driving and robotic technology start-ups,2019
11,Beholder_of_Eyes,1557196706.0,https://www.reddit.com/r/artificial/comments/bllahr/how_is_development_in_ai_justified/,bllahr,5.0,artificial,t5_2qhfb,How is development in AI justified?,2019
12,Independent-Mind,1557571107.0,https://www.reddit.com/r/artificial/comments/bnaqbd/self_driving_cars_division_of_labormultiple/,bnaqbd,0.0,artificial,t5_2qhfb,Self driving cars: Division of Labor-Multiple sensors for specific tasks,2019
13,Independent-Mind,1558261792.0,https://www.reddit.com/r/artificial/comments/bqfg79/an_intermediate_step_to_self_driving_cars_could/,bqfg79,4.0,artificial,t5_2qhfb,An intermediate step to self driving cars could be services that monitor and take control of cars when they get stuck,2019
14,vapourpixel,1559036657.0,https://www.reddit.com/r/artificial/comments/bty1rc/757_max_fallout/,bty1rc,3.0,artificial,t5_2qhfb,757 Max fallout,2019
15,4amphoto,1559683629.0,https://www.reddit.com/r/artificial/comments/bwubtb/chinese_company_neolix_mass_producing_self/,bwubtb,0.0,artificial,t5_2qhfb,Chinese Company Neolix Mass Producing Self Driving Delivery Vans,2019
16,OsamaKhader,1559743482.0,https://www.reddit.com/r/artificial/comments/bx2xod/selfdriving_cars_will_destroy_our_moral_compass/,bx2xod,0.0,artificial,t5_2qhfb,Self-driving cars will destroy our moral compass and create a dystopia,2019
17,nopcommerceblogs,1559980958.0,https://www.reddit.com/r/artificial/comments/by5pd6/artificial_intelligence_blogs/,by5pd6,0.0,artificial,t5_2qhfb,Artificial intelligence blogs,2019
18,4amphoto,1560484704.0,https://www.reddit.com/r/artificial/comments/c0fj6a/selfdriving_buses_operating_over_5g_in_china/,c0fj6a,20.0,artificial,t5_2qhfb,Self-Driving Buses Operating Over 5G in China,2019
19,S_paddy,1560787430.0,https://www.reddit.com/r/artificial/comments/c1pb9e/uber_to_launch_self_driving_volvo_it_news/,c1pb9e,0.0,artificial,t5_2qhfb,Uber to Launch Self Driving Volvo | IT News,2019
20,Ichi_MokuM,1560859636.0,https://www.reddit.com/r/artificial/comments/c21fv4/nvidia_boosts_selfdriving_ai_business_with_volvo/,c21fv4,0.0,artificial,t5_2qhfb,Nvidia boosts self-driving AI business with Volvo trucks deal,2019
21,tradingH,1560951155.0,https://www.reddit.com/r/artificial/comments/c2h523/the_increase_of_robots_in_our_life_and_impact/,c2h523,6.0,artificial,t5_2qhfb,The increase of robots in our life and impact they may have on society,2019
22,Wenderu84,1562490628.0,https://www.reddit.com/r/artificial/comments/ca4xht/the_implementation/,ca4xht,0.0,artificial,t5_2qhfb,The Implementation,2019
23,CoffeeMeetsBeach,1563242299.0,https://www.reddit.com/r/artificial/comments/cdqsb0/lyft_and_aptiv_bring_selfdriving_technology_to/,cdqsb0,0.0,artificial,t5_2qhfb,Lyft and Aptiv Bring Self-Driving Technology to Visually Impaired Riders in Las Vegas,2019
24,TheFuture477,1563341818.0,https://www.reddit.com/r/artificial/comments/ce8n5h/selfdriving_cars_are_in_the_very_near_future/,ce8n5h,6.0,artificial,t5_2qhfb,Self-Driving Cars Are In The Very Near Future,2019
25,mindstate_right,1563616898.0,https://www.reddit.com/r/artificial/comments/cfk7cw/a_beginners_guide_to_selfdriving_cars_everything/,cfk7cw,0.0,artificial,t5_2qhfb,A Beginners Guide to Self-Driving Cars: Everything you should know before your next conversation about self-driving cars,2019
26,ai-lover,1563908522.0,https://www.reddit.com/r/artificial/comments/cgwvf2/wow_lyft_just_open_sourced_its_autonomous_driving/,cgwvf2,18.0,artificial,t5_2qhfb,"Wow üò≤ , Lyft just open sourced its autonomous driving dataset from its Level 5 self-driving fleet!",2019
27,snusc,1563987210.0,https://www.reddit.com/r/artificial/comments/chaqkz/what_are_other_ai_related_jobs_except_data/,chaqkz,3.0,artificial,t5_2qhfb,What are other AI related jobs except data scientist? And what's their availability in the industry in coming future?,2019
28,selfdrivingcars360,1564069797.0,https://www.reddit.com/r/artificial/comments/chphus/deepmind_is_helping_waymo_evolve_better/,chphus,0.0,artificial,t5_2qhfb,DeepMind is helping Waymo evolve better self-driving AI algorithms,2019
29,newworld-ai,1564092055.0,https://www.reddit.com/r/artificial/comments/chu7ln/deep_learning_for_selfdriving_cars_2018_version/,chu7ln,0.0,artificial,t5_2qhfb,Deep Learning for Self-Driving Cars (2018 version) - Lecture 1 and 5,2019
30,g_surma,1564160904.0,https://www.reddit.com/r/artificial/comments/ci5jvb/street_lanes_finder_detecting_street_lanes_for/,ci5jvb,0.0,artificial,t5_2qhfb,Street Lanes Finder - Detecting Street Lanes for Self-Driving Cars üöó,2019
31,vadhavaniyafaijan,1565935347.0,https://www.reddit.com/r/artificial/comments/cr28ox/self_driving_cycle_is_here/,cr28ox,0.0,artificial,t5_2qhfb,Self driving Cycle is Here,2019
32,KoiDePhish,1566097977.0,https://www.reddit.com/r/artificial/comments/crw268/how_airelated_is_this/,crw268,5.0,artificial,t5_2qhfb,How AI-related is this ?,2019
33,CoffeeMeetsBeach,1566148395.0,https://www.reddit.com/r/artificial/comments/cs3yoz/ups_testing_selfdriving_trucks_in_arizona/,cs3yoz,3.0,artificial,t5_2qhfb,UPS Testing Self-Driving Trucks in Arizona,2019
34,CoffeeMeetsBeach,1566764960.0,https://www.reddit.com/r/artificial/comments/cvdrqb/china_testing_selfdriving_vehicles_on_16mile/,cvdrqb,0.0,artificial,t5_2qhfb,China Testing Self-Driving Vehicles on 16-mile Mountain Highway,2019
35,StringSurge,1566959079.0,https://www.reddit.com/r/artificial/comments/cwek9s/are_we_too_oblivious_about_the_impact_of_ai_or_is/,cwek9s,9.0,artificial,t5_2qhfb,Are we too oblivious about the impact of AI? Or is it really all a hype?,2019
36,tonyjay6,1567347369.0,https://www.reddit.com/r/artificial/comments/cyag3p/self_driving_formula_race_car_uses_ai_to_break/,cyag3p,3.0,artificial,t5_2qhfb,Self Driving Formula Race Car Uses AI To Break Autonomous F1 Record,2019
37,cmillionaire9,1567363715.0,https://www.reddit.com/r/artificial/comments/cydug3/machine_learning_ride_in_selfdriving_car/,cydug3,1.0,artificial,t5_2qhfb,"Machine Learning - Ride in Self-Driving Car [autonomous car, driverless car, robotic car]",2019
38,everydAI,1567802618.0,https://www.reddit.com/r/artificial/comments/d0mb4l/why_selfdriving_cars_are_hard_to_make/,d0mb4l,0.0,artificial,t5_2qhfb,Why Self-Driving Cars Are Hard To Make,2019
39,s4ndman1,1567807215.0,https://www.reddit.com/r/artificial/comments/d0nb4w/is_there_data_available_about_successful_neural/,d0nb4w,0.0,artificial,t5_2qhfb,Is there data available about successful neural network architectures?,2019
40,Mesode,1569505366.0,https://www.reddit.com/r/artificial/comments/d9jtfe/evolution_of_selfdriving_cars_neural_network_shape/,d9jtfe,0.0,artificial,t5_2qhfb,"Evolution Of Self-Driving Cars, Neural Network &amp; Shape",2019
41,shotastic007,1570544690.0,https://www.reddit.com/r/artificial/comments/df0o3a/so_whats_so_cool_about_ai_please_be_realistic_tho/,df0o3a,4.0,artificial,t5_2qhfb,So what's so cool about AI? (Please be realistic tho),2019
42,samu179,1570648759.0,https://www.reddit.com/r/artificial/comments/dflwpw/best_programming_language_for_deontic_logic/,dflwpw,3.0,artificial,t5_2qhfb,Best programming language for deontic logic,2019
43,Barknuckle,1571030418.0,https://www.reddit.com/r/artificial/comments/dhm1ds/venezuelans_are_training_selfdriving_cars/,dhm1ds,1.0,artificial,t5_2qhfb,Venezuelans are training self-driving cars,2019
